rank-number,rank-year,index-name_en-US,capitalist-gender,XY-parent_en-US,XX-parent_en-Us,given-name_native-tongue,friend-name,capitalist_consort-name,firstseen-city,firstseen-country,capitalist_born-spacetime,capitalist_origin-story,mother-tongues,capitalist_schooling,written-hands,job-titles,award-names,capitalist-background,lastseen_city,lastseen-country,capitalist-type,rank-metric,rank-value,stock-shareprice,evolution-value_descendant-count,datacollected-yearmonth,firstseen-year,privedge-granted_year,priveledge-rank,privedge-lost_year,lastseen-year,deathnote,capitalist-currentage,person_age-group,archetype.childhood,archetype.student,archetype.householder,archetype.teacher,archetype.advisor,archetype.phantasim,patron-source,patron-industry,claim-to-fame,data-notes
1,12024,Microsoft,XX-XY,,,Microsoft,MSFT,,Redmond,United States,,,,,,,,,,United States,company.public,USD-marketcap,"$3,126,000,000,000",$421.82,,12024.03,,,CB.lion,,,,12026,phantasim,,,,,,,,,,
2,12024,Apple,XX-XY,,,Apple,AAPL,,,United States,,,,,,,,,,United States,company.public,USD-marketcap,"$2,647,000,000,000",$173.52,,12024.03,,,CB.lion,,,,12026,phantasim,,,,,,,,,,
3,12024,NVIDIA,XX-XY,,,NVIDIA,NVDA,,,,,,,,,,,,,United States,company.public,USD-marketcap,"$2,258,000,000,000",$903.22,,12024.03,,,CB.lion,,,,12026,phantasim,,,,,,,,,,
4,12024,Saudi Aramco,XX-XY,,,Saudi Aramco,2222.SR,,,,,,,,,,,,,Saudi Arabia,company.public,USD-marketcap,"$1,984,000,000,000",$8.22,,12024.03,,,CB.lion,,,,12026,phantasim,,,,,,,,,,
5,12024,Alphabet (Google),XX-XY,,,Alphabet (Google),GOOG,,Silicon Valley,United States,,,,,,,,,,United States,company.public,USD-marketcap,"$1,885,000,000,000",$151.74,,12024.03,,,CB.lion,,,,12026,phantasim,,,,,,,,,,
6,12024,Amazon,XX-XY,,,Amazon,AMZN,,Seattle,United States,,,,,,,,,,United States,company.public,USD-marketcap,"$1,873,000,000,000",$179.76,,12024.03,,,CB.lion,,,,12026,phantasim,,,,,,,,,,
7,12024,Meta Platforms (Facebook),XX-XY,,,Meta Platforms (Facebook),META,,,,,,,,,,,,,United States,company.public,USD-marketcap,"$1,237,000,000,000",$493.90,,12024.03,,,CB.lion,,,,12026,phantasim,,,,,,,,,,
8,12024,Berkshire Hathaway,XX-XY,,,Berkshire Hathaway,BRK-B,,,,,,,,,,,,,United States,company.public,USD-marketcap,"$900,840,000,000",$416.40,,12024.03,,,CB.lion,,,,12026,phantasim,,,,,,,,,,
9,12024,Eli Lilly,XX-XY,,,Eli Lilly,LLY,,,,,,,,,,,,,United States,company.public,USD-marketcap,"$739,650,000,000",$777.96,,12024.03,,,CB.lion,,,,12026,phantasim,,,,,,,,,,
10,12024,TSMC,XX-XY,,,TSMC,TSM,,,,,,,,,,,,,Taiwan,company.public,USD-marketcap,"$709,470,000,000",$136.78,,12024.03,,,CB.lion,,,,12026,phantasim,,,,,,,,,,
11,12024,Broadcom,XX-XY,,,Broadcom,AVGO,,,,,,,,,,,,,United States,company.public,USD-marketcap,"$609,250,000,000","$1,315.00",,12024.03,,,CB.lion,,,,12026,phantasim,,,,,,,,,,
12,12024,JPMorgan Chase,XX-XY,,,JPMorgan Chase,JPM,,,,,,,,,,,,,United States,company.public,USD-marketcap,"$574,660,000,000",$199.51,,12024.03,,,CB.lion,,,,12026,phantasim,,,,,,,,,,
13,12024,Visa,XX-XY,,,Visa,V,,,,,,,,,,,,,United States,company.public,USD-marketcap,"$573,760,000,000",$279.33,,12024.03,,,CB.lion,,,,12026,phantasim,,,,,,,,,,
14,12024,Tesla,XX-XY,,,Tesla,TSLA,,,,,,,,,,,,,United States,company.public,USD-marketcap,"$573,450,000,000",$180.06,,12024.03,,,CB.lion,,,,12026,phantasim,,,,,,,,,,
15,12024,Novo Nordisk,XX-XY,,,Novo Nordisk,NVO,,,,,,,,,,,,,Denmark,company.public,USD-marketcap,"$571,890,000,000",$128.17,,12024.03,,,CB.lion,,,,12026,phantasim,,,,,,,,,,
16,12024,Walmart,XX-XY,,,Walmart,WMT,,,,,,,,,,,,,United States,company.public,USD-marketcap,"$488,230,000,000",$60.59,,12024.03,,,CB.lion,,,,12026,phantasim,,,,,,,,,,
17,12024,Exxon Mobil,XX-XY,,,Exxon Mobil,XOM,,,,,,,,,,,,,United States,company.public,USD-marketcap,"$455,580,000,000",$114.82,,12024.03,,,CB.lion,,,,12026,phantasim,,,,,,,,,,
18,12024,UnitedHealth,XX-XY,,,UnitedHealth,UNH,,,,,,,,,,,,,United States,company.public,USD-marketcap,"$453,560,000,000",$491.97,,12024.03,,,CB.lion,,,,12026,phantasim,,,,,,,,,,
19,12024,LVMH,XX-XY,,,LVMH,MC.PA,,,,,,,,,,,,,France,company.public,USD-marketcap,"$451,000,000,000",$898.79,,12024.03,,,CB.lion,,,,12026,phantasim,,,,,,,,,,
20,12024,Mastercard,XX-XY,,,Mastercard,MA,,,,,,,,,,,,,United States,company.public,USD-marketcap,"$445,810,000,000",$477.89,,12024.03,,,CB.lion,,,,12026,phantasim,,,,,,,,,,
21,12024,Samsung,XX-XY,,,Samsung,005930.KS,,,,,,,,,,,,,South Korea,company.public,USD-marketcap,"$393,310,000,000",$59.09,,,,,CB.lion,,,,12026,phantasim,,,,,,,,,,
22,12024,ASML,XX-XY,,,ASML,ASML,,,,,,,,,,,,,Netherlands,company.public,USD-marketcap,"$392,380,000,000",$974.05,,12024.03,,,CB.lion,,,,12026,phantasim,,,,,,,,,,
23,12024,Procter & Gamble,XX-XY,,,Procter & Gamble,PG,,,,,,,,,,,,,United States,company.public,USD-marketcap,"$382,660,000,000",$162.63,,12024.03,,,CB.lion,,,,12026,phantasim,,,,,,,,,,
24,12024,Home Depot,XX-XY,,,Home Depot,HD,,,,,,,,,,,,,United States,company.public,USD-marketcap,"$382,430,000,000",$385.90,,12024.03,,,CB.lion,,,,12026,phantasim,,,,,,,,,,
25,12024,Johnson & Johnson,XX-XY,,,Johnson & Johnson,JNJ,,,,,,,,,,,,,United States,company.public,USD-marketcap,"$380,380,000,000",$157.85,,12024.03,,,CB.lion,,,,12026,phantasim,,,,,,,,,,
26,12024,Tencent,XX-XY,,,Tencent,TCEHY,,,,,,,,,,,,,China,company.public,USD-marketcap,"$369,520,000,000",$38.85,,12024.03,,,CB.lion,,,,12026,phantasim,,,,,,,,,,
27,12024,Oracle,XX-XY,,,Oracle,ORCL,,,,,,,,,,,,,United States,company.public,USD-marketcap,"$344,190,000,000",$125.23,,12024.03,,,CB.lion,,,,12026,phantasim,,,,,,,,,,
28,12024,Toyota,XX-XY,,,Toyota,TM,,,,,,,,,,,,,Japan,company.public,USD-marketcap,"$340,580,000,000",$252.10,,12024.03,,,CB.lion,,,,12026,phantasim,,,,,,,,,,
29,12024,Merck,XX-XY,,,Merck,MRK,,,,,,,,,,,,,United States,company.public,USD-marketcap,"$334,050,000,000",$131.90,,12024.03,,,CB.lion,,,,12026,phantasim,,,,,,,,,,
30,12024,Costco,XX-XY,,,Costco,COST,,,,,,,,,,,,,United States,company.public,USD-marketcap,"$324,120,000,000",$730.84,,12024.03,,,CB.lion,,,,12026,phantasim,,,,,,,,,,
31,12024,AbbVie,XX-XY,,,AbbVie,ABBV,,,,,,,,,,,,,United States,company.public,USD-marketcap,"$318,890,000,000",$180.10,,12024.03,,,CB.lion,,,,12026,phantasim,,,,,,,,,,
32,12024,Bank of America,XX-XY,,,Bank of America,BAC,,,,,,,,,,,,,United States,company.public,USD-marketcap,"$298,540,000,000",$37.84,,12024.03,,,CB.lion,,,,12026,phantasim,,,,,,,,,,
33,12024,Kweichow Moutai,XX-XY,,,Kweichow Moutai,600519.SS,,,,,,,,,,,,,China,company.public,USD-marketcap,"$295,680,000,000",$235.38,,,,,CB.lion,,,,12026,phantasim,,,,,,,,,,
34,12024,Salesforce,XX-XY,,,Salesforce,CRM,,,,,,,,,,,,,United States,company.public,USD-marketcap,"$292,250,000,000",$301.30,,12024.03,,,CB.lion,,,,12026,phantasim,,,,,,,,,,
35,12024,AMD,XX-XY,,,AMD,AMD,,,,,,,,,,,,,United States,company.public,USD-marketcap,"$290,210,000,000",$179.57,,12024.03,,,CB.lion,,,,12026,phantasim,,,,,,,,,,
36,12024,Chevron,XX-XY,,,Chevron,CVX,,,,,,,,,,,,,United States,company.public,USD-marketcap,"$289,950,000,000",$156.12,,12024.03,,,CB.lion,,,,12026,phantasim,,,,,,,,,,
37,12024,Nestlé,XX-XY,,,Nestlé,NESN.SW,,,,,,,,,,,,,Switzerland,company.public,USD-marketcap,"$277,850,000,000",$106.00,,,,,CB.lion,,,,12026,phantasim,,,,,,,,,,
38,12024,Hermès,XX-XY,,,Hermès,RMS.PA,,,,,,,,,,,,,France,company.public,USD-marketcap,"$272,540,000,000","$2,585.00",,,,,CB.lion,,,,12026,phantasim,,,,,,,,,,
39,12024,Netflix,XX-XY,,,Netflix,NFLX,,,,,,,,,,,,,United States,company.public,USD-marketcap,"$265,010,000,000",$612.38,,12024.03,,,CB.lion,,,,12026,phantasim,,,,,,,,,,
40,12024,Coca-Cola,XX-XY,,,Coca-Cola,KO,,,,,,,,,,,,,United States,company.public,USD-marketcap,"$262,890,000,000",$60.98,,12024.03,,,CB.lion,,,,12026,phantasim,,,,,,,,,,
41,12024,L'Oréal,XX-XY,,,L'Oréal,OR.PA,,,,,,,,,,,,,France,company.public,USD-marketcap,"$254,980,000,000",$475.21,,12024.03,,,CB.lion,,,,12026,phantasim,,,,,,,,,,
42,12024,Reliance Industries,XX-XY,,,Reliance Industries,RELIANCE.NS,,,,,,,,,,,,,India,company.public,USD-marketcap,"$242,540,000,000",$35.85,,,,,CB.lion,,,,12026,phantasim,,,,,,,,,,
43,12024,ICBC,XX-XY,,,ICBC,1398.HK,,,,,,,,,,,,,China,company.public,USD-marketcap,"$241,800,000,000",$0.51,,,,,CB.lion,,,,12026,phantasim,,,,,,,,,,
44,12024,Pepsico,XX-XY,,,Pepsico,PEP,,,,,,,,,,,,,United States,company.public,USD-marketcap,"$238,710,000,000",$173.67,,12024.03,,,CB.lion,,,,12026,phantasim,,,,,,,,,,
45,12024,International Holding Company,XX-XY,,,International Holding Company,IHC.AE,,,,,,,,,,,,,United Arab Emirates,company.public,USD-marketcap,"$238,620,000,000",$108.78,,,,,CB.lion,,,,12026,phantasim,,,,,,,,,,
46,12024,SAP,XX-XY,,,SAP,SAP,,,,,,,,,,,,,Germany,company.public,USD-marketcap,"$229,850,000,000",$196.92,,12024.03,,,CB.lion,,,,12026,phantasim,,,,,,,,,,
47,12024,Adobe,XX-XY,,,Adobe,ADBE,,,,,,,,,,,,,United States,company.public,USD-marketcap,"$228,350,000,000",$504.59,,12024.03,,,CB.lion,,,,12026,phantasim,,,,,,,,,,
48,12024,Linde,XX-XY,,,Linde,LIN,,,,,,,,,,,,,United Kingdom,company.public,USD-marketcap,"$224,320,000,000",$465.82,,12024.03,,,CB.lion,,,,12026,phantasim,,,,,,,,,,
49,12024,PetroChina,XX-XY,,,PetroChina,601857.SS,,,,,,,,,,,,,China,company.public,USD-marketcap,"$222,880,000,000",$1.27,,,,,CB.lion,,,,12026,phantasim,,,,,,,,,,
50,12024,Walt Disney,XX-XY,,,Walt Disney,DIS,,,,,,,,,,,,,United States,company.public,USD-marketcap,"$221,540,000,000",$120.78,,12024.03,,,CB.lion,,,,12026,phantasim,,,,,,,,,,
51,12024,Thermo Fisher Scientific,XX-XY,,,Thermo Fisher Scientific,TMO,,,,,,,,,,,,,United States,company.public,USD-marketcap,"$220,360,000,000",$577.92,,12024.03,,,CB.lion,,,,12026,phantasim,,,,,,,,,,
52,12024,Shell,XX-XY,,,Shell,SHEL,,,,,,,,,,,,,United Kingdom,company.public,USD-marketcap,"$214,740,000,000",$66.72,,12024.03,,,CB.lion,,,,12026,phantasim,,,,,,,,,,
53,12024,Accenture,XX-XY,,,Accenture,ACN,,,,,,,,,,,,,Ireland,company.public,USD-marketcap,"$214,480,000,000",$341.14,,12024.03,,,CB.lion,,,,12026,phantasim,,,,,,,,,,
54,12024,AstraZeneca,XX-XY,,,AstraZeneca,AZN,,,,,,,,,,,,,United Kingdom,company.public,USD-marketcap,"$211,020,000,000",$68.06,,12024.03,,,CB.lion,,,,12026,phantasim,,,,,,,,,,
56,12024,Wells Fargo,XX-XY,,,Wells Fargo,WFC,,,,,,,,,,,,,United States,company.public,USD-marketcap,"$203,750,000,000",$57.55,,12024.03,,,CB.lion,,,,12026,phantasim,,,,,,,,,,
57,12024,McDonald,XX-XY,,,McDonald,MCD,,,,,,,,,,,,,United States,company.public,USD-marketcap,"$203,560,000,000",$281.93,,12024.03,,,CB.lion,,,,12026,phantasim,,,,,,,,,,
58,12024,Agricultural Bank of China,XX-XY,,,Agricultural Bank of China,601288.SS,,,,,,,,,,,,,China,company.public,USD-marketcap,"$202,200,000,000",$0.59,,,,,CB.lion,,,,12026,phantasim,,,,,,,,,,
59,12024,Cisco,XX-XY,,,Cisco,CSCO,,,,,,,,,,,,,United States,company.public,USD-marketcap,"$201,140,000,000",$49.68,,12024.03,,,CB.lion,,,,12026,phantasim,,,,,,,,,,
60,12024,Roche,XX-XY,,,Roche,ROG.SW,,,,,,,,,,,,,Switzerland,company.public,USD-marketcap,"$201,080,000,000",$250.36,,,,,CB.lion,,,,12026,phantasim,,,,,,,,,,
61,12024,Abbott Laboratories,XX-XY,,,Abbott Laboratories,ABT,,,,,,,,,,,,,United States,company.public,USD-marketcap,"$197,180,000,000",$113.64,,12024.03,,,CB.lion,,,,12026,phantasim,,,,,,,,,,
62,12024,Novartis,XX-XY,,,Novartis,NVS,,,,,,,,,,,,,Switzerland,company.public,USD-marketcap,"$196,850,000,000",$95.81,,12024.03,,,CB.lion,,,,12026,phantasim,,,,,,,,,,
63,12024,General Electric,XX-XY,,,General Electric,GE,,,,,,,,,,,,,United States,company.public,USD-marketcap,"$196,350,000,000",$179.60,,12024.03,,,CB.lion,,,,12026,phantasim,,,,,,,,,,
64,12024,T-Mobile US,XX-XY,,,T-Mobile US,TMUS,,,,,,,,,,,,,United States,company.public,USD-marketcap,"$192,010,000,000",$161.78,,12024.03,,,CB.lion,,,,12026,phantasim,,,,,,,,,,
65,12024,China Mobile,XX-XY,,,China Mobile,0941.HK,,,,,,,,,,,,,China,company.public,USD-marketcap,"$188,640,000,000",$8.58,,,,,CB.lion,,,,12026,phantasim,,,,,,,,,,
66,12024,QUALCOMM,XX-XY,,,QUALCOMM,QCOM,,,,,,,,,,,,,United States,company.public,USD-marketcap,"$188,160,000,000",$168.61,,12024.03,,,CB.lion,,,,12026,phantasim,,,,,,,,,,
67,12024,Intel,XX-XY,,,Intel,INTC,,,,,,,,,,,,,United States,company.public,USD-marketcap,"$185,010,000,000",$43.76,,12024.03,,,CB.lion,,,,12026,phantasim,,,,,,,,,,
68,12024,Danaher,XX-XY,,,Danaher,DHR,,,,,,,,,,,,,United States,company.public,USD-marketcap,"$183,240,000,000",$247.72,,12024.03,,,CB.lion,,,,12026,phantasim,,,,,,,,,,
69,12024,Caterpillar,XX-XY,,,Caterpillar,CAT,,,,,,,,,,,,,United States,company.public,USD-marketcap,"$181,930,000,000",$364.32,,12024.03,,,CB.lion,,,,12026,phantasim,,,,,,,,,,
70,12024,Intuit,XX-XY,,,Intuit,INTU,,,,,,,,,,,,,United States,company.public,USD-marketcap,"$181,700,000,000",$649.00,,12024.03,,,CB.lion,,,,12026,phantasim,,,,,,,,,,
72,12024,Alibaba,XX-XY,,,Alibaba,BABA,,,,,,,,,,,,,China,company.public,USD-marketcap,"$179,820,000,000",$71.50,,12024.03,,,CB.lion,,,,12026,phantasim,,,,,,,,,,
73,12024,IBM,XX-XY,,,IBM,IBM,,,,,,,,,,,,,United States,company.public,USD-marketcap,"$175,020,000,000",$190.92,,12024.03,,,CB.lion,,,,12026,phantasim,,,,,,,,,,
74,12024,Verizon,XX-XY,,,Verizon,VZ,,,,,,,,,,,,,United States,company.public,USD-marketcap,"$174,770,000,000",$41.52,,12024.03,,,CB.lion,,,,12026,phantasim,,,,,,,,,,
75,12024,Applied Materials,XX-XY,,,Applied Materials,AMAT,,,,,,,,,,,,,United States,company.public,USD-marketcap,"$172,600,000,000",$207.73,,12024.03,,,CB.lion,,,,12026,phantasim,,,,,,,,,,
76,12024,Comcast,XX-XY,,,Comcast,CMCSA,,,,,,,,,,,,,United States,company.public,USD-marketcap,"$170,840,000,000",$43.02,,12024.03,,,CB.lion,,,,12026,phantasim,,,,,,,,,,
77,12024,Tata Consultancy Services,XX-XY,,,Tata Consultancy Services,TCS.NS,,,,,,,,,,,,,India,company.public,USD-marketcap,"$166,840,000,000",$46.12,,,,,CB.lion,,,,12026,phantasim,,,,,,,,,,
78,12024,Bank of China,XX-XY,,,Bank of China,601988.SS,,,,,,,,,,,,,China,company.public,USD-marketcap,"$166,120,000,000",$0.62,,,,,CB.lion,,,,12026,phantasim,,,,,,,,,,
79,12024,American Express,XX-XY,,,American Express,AXP,,,,,,,,,,,,,United States,company.public,USD-marketcap,"$164,120,000,000",$227.94,,12024.03,,,CB.lion,,,,12026,phantasim,,,,,,,,,,
80,12024,Uber,XX-XY,,,Uber,UBER,,,,,,,,,,,,,United States,company.public,USD-marketcap,"$162,390,000,000",$78.20,,12024.03,,,CB.lion,,,,12026,phantasim,,,,,,,,,,
81,12024,TotalEnergies,XX-XY,,,TotalEnergies,TTE,,,,,,,,,,,,,France,company.public,USD-marketcap,"$161,320,000,000",$68.43,,12024.03,,,CB.lion,,,,12026,phantasim,,,,,,,,,,
82,12024,China Construction Bank,XX-XY,,,China Construction Bank,601939.SS,,,,,,,,,,,,,China,company.public,USD-marketcap,"$158,790,000,000",$0.96,,,,,CB.lion,,,,12026,phantasim,,,,,,,,,,
83,12024,Pfizer,XX-XY,,,Pfizer,PFE,,,,,,,,,,,,,United States,company.public,USD-marketcap,"$157,150,000,000",$27.75,,12024.03,,,CB.lion,,,,12026,phantasim,,,,,,,,,,
84,12024,Texas Instruments,XX-XY,,,Texas Instruments,TXN,,,,,,,,,,,,,United States,company.public,USD-marketcap,"$157,150,000,000",$172.68,,12024.03,,,CB.lion,,,,12026,phantasim,,,,,,,,,,
85,12024,Inditex,XX-XY,,,Inditex,IDEXY,,,,,,,,,,,,,Spain,company.public,USD-marketcap,"$156,740,000,000",$25.18,,12024.03,,,CB.lion,,,,12026,phantasim,,,,,,,,,,
86,12024,ServiceNow,XX-XY,,,ServiceNow,NOW,,,,,,,,,,,,,United States,company.public,USD-marketcap,"$155,410,000,000",$758.11,,12024.03,,,CB.lion,,,,12026,phantasim,,,,,,,,,,
87,12024,Pinduoduo,XX-XY,,,Pinduoduo,PDD,,,,,,,,,,,,,China,company.public,USD-marketcap,"$154,350,000,000",$116.18,,12024.03,,,CB.lion,,,,12026,phantasim,,,,,,,,,,
88,12024,Amgen,XX-XY,,,Amgen,AMGN,,,,,,,,,,,,,United States,company.public,USD-marketcap,"$153,430,000,000",$286.30,,12024.03,,,CB.lion,,,,12026,phantasim,,,,,,,,,,
89,12024,Morgan Stanley,XX-XY,,,Morgan Stanley,MS,,,,,,,,,,,,,United States,company.public,USD-marketcap,"$152,750,000,000",$93.41,,12024.03,,,CB.lion,,,,12026,phantasim,,,,,,,,,,
90,12024,Siemens,XX-XY,,,Siemens,SIE.DE,,,,,,,,,,,,,Germany,company.public,USD-marketcap,"$151,280,000,000",$191.51,,,,,CB.lion,,,,12026,phantasim,,,,,,,,,,
91,12024,Dior,XX-XY,,,Dior,CDI.PA,,,,,,,,,,,,,France,company.public,USD-marketcap,"$150,270,000,000",$832.97,,12024.03,,,CB.lion,,,,12026,phantasim,,,,,,,,,,
92,12024,Union Pacific Corporation,XX-XY,,,Union Pacific Corporation,UNP,,,,,,,,,,,,,United States,company.public,USD-marketcap,"$148,990,000,000",$244.35,,12024.03,,,CB.lion,,,,12026,phantasim,,,,,,,,,,
93,12024,ConocoPhillips,XX-XY,,,ConocoPhillips,COP,,,,,,,,,,,,,United States,company.public,USD-marketcap,"$148,940,000,000",$126.61,,12024.03,,,CB.lion,,,,12026,phantasim,,,,,,,,,,
94,12024,HSBC,XX-XY,,,HSBC,HSBC,,,,,,,,,,,,,United Kingdom,company.public,USD-marketcap,"$148,070,000,000",$39.00,,12024.03,,,CB.lion,,,,12026,phantasim,,,,,,,,,,
95,12024,Airbus,XX-XY,,,Airbus,AIR.PA,,,,,,,,,,,,,Netherlands,company.public,USD-marketcap,"$146,600,000,000",$185.75,,12024.03,,,CB.lion,,,,12026,phantasim,,,,,,,,,,
96,12024,BHP Group,XX-XY,,,BHP Group,BHP,,,,,,,,,,,,,Australia,company.public,USD-marketcap,"$145,130,000,000",$57.36,,12024.03,,,CB.lion,,,,12026,phantasim,,,,,,,,,,
97,12024,Lowe's Companies,XX-XY,,,Lowe's Companies,LOW,,,,,,,,,,,,,United States,company.public,USD-marketcap,"$144,800,000,000",$253.08,,12024.03,,,CB.lion,,,,12026,phantasim,,,,,,,,,,
98,12024,Philip Morris,XX-XY,,,Philip Morris,PM,,,,,,,,,,,,,United States,company.public,USD-marketcap,"$143,020,000,000",$92.13,,12024.03,,,CB.lion,,,,12026,phantasim,,,,,,,,,,
99,12024,Nike,XX-XY,,,Nike,NKE,,,,,,,,,,,,,United States,company.public,USD-marketcap,"$142,400,000,000",$93.99,,12024.03,,,CB.lion,,,,12026,phantasim,,,,,,,,,,
100,12024,Intuitive Surgical,XX-XY,,,Intuitive Surgical,ISRG,,,,,,,,,,,,,United States,company.public,USD-marketcap,"$141,960,000,000",$400.53,,12024.03,,,CB.lion,,,,12026,phantasim,,,,,,,,,,
101,12024,Royal Bank Of Canada,XX-XY,,,Royal Bank Of Canada,RY,,,,,,,,,,,,,Canada,company.public,USD-marketcap,"$141,720,000,000",$100.24,,12024.03,,,CB.lion,,,,12026,phantasim,,,,,,,,,,
102,12024,HDFC Bank,XX-XY,,,HDFC Bank,HDB,,,,,,,,,,,,,India,company.public,USD-marketcap,"$141,060,000,000",$55.70,,12024.03,,,CB.lion,,,,12026,phantasim,,,,,,,,,,
103,12024,Stryker Corporation,XX-XY,,,Stryker Corporation,SYK,,,,,,,,,,,,,United States,company.public,USD-marketcap,"$136,400,000,000",$358.71,,12024.03,,,CB.lion,,,,12026,phantasim,,,,,,,,,,
104,12024,Prosus,XX-XY,,,Prosus,PRX.AS,,,,,,,,,,,,,Netherlands,company.public,USD-marketcap,"$135,750,000,000",$31.07,,,,,CB.lion,,,,12026,phantasim,,,,,,,,,,
105,12024,S&P Global,XX-XY,,,S&P Global,SPGI,,,,,,,,,,,,,United States,company.public,USD-marketcap,"$135,400,000,000",$422.81,,12024.03,,,CB.lion,,,,12026,phantasim,,,,,,,,,,
106,12024,Goldman Sachs,XX-XY,,,Goldman Sachs,GS,,,,,,,,,,,,,United States,company.public,USD-marketcap,"$134,750,000,000",$415.25,,12024.03,,,CB.lion,,,,12026,phantasim,,,,,,,,,,
107,12024,Honeywell,XX-XY,,,Honeywell,HON,,,,,,,,,,,,,United States,company.public,USD-marketcap,"$133,780,000,000",$205.13,,12024.03,,,CB.lion,,,,12026,phantasim,,,,,,,,,,
108,12024,Micron Technology,XX-XY,,,Micron Technology,MU,,,,,,,,,,,,,United States,company.public,USD-marketcap,"$132,050,000,000",$119.25,,12024.03,,,CB.lion,,,,12026,phantasim,,,,,,,,,,
109,12024,Charles Schwab,XX-XY,,,Charles Schwab,SCHW,,,,,,,,,,,,,United States,company.public,USD-marketcap,"$132,040,000,000",$72.38,,12024.03,,,CB.lion,,,,12026,phantasim,,,,,,,,,,
110,12024,Commonwealth Bank,XX-XY,,,Commonwealth Bank,CBA.AX,,,,,,,,,,,,,Australia,company.public,USD-marketcap,"$131,210,000,000",$78.42,,12024.03,,,CB.lion,,,,12026,phantasim,,,,,,,,,,
111,12024,Nextera Energy,XX-XY,,,Nextera Energy,NEE,,,,,,,,,,,,,United States,company.public,USD-marketcap,"$130,920,000,000",$63.79,,12024.03,,,CB.lion,,,,12026,phantasim,,,,,,,,,,
112,12024,Raytheon Technologies,XX-XY,,,Raytheon Technologies,RTX,,,,,,,,,,,,,United States,company.public,USD-marketcap,"$129,570,000,000",$97.45,,12024.03,,,CB.lion,,,,12026,phantasim,,,,,,,,,,
113,12024,Arm Holdings,XX-XY,,,Arm Holdings,ARM,,,,,,,,,,,,,United Kingdom,company.public,USD-marketcap,"$129,140,000,000",$125.62,,12024.03,,,CB.lion,,,,12026,phantasim,,,,,,,,,,
114,12024,Lam Research,XX-XY,,,Lam Research,LRCX,,,,,,,,,,,,,United States,company.public,USD-marketcap,"$126,600,000,000",$965.67,,12024.03,,,CB.lion,,,,12026,phantasim,,,,,,,,,,
115,12024,Schneider Electric,XX-XY,,,Schneider Electric,SU.PA,,,,,,,,,,,,,France,company.public,USD-marketcap,"$126,570,000,000",$226.71,,12024.03,,,CB.lion,,,,12026,phantasim,,,,,,,,,,
116,12024,Unilever,XX-XY,,,Unilever,UL,,,,,,,,,,,,,United Kingdom,company.public,USD-marketcap,"$126,030,000,000",$50.14,,12024.03,,,CB.lion,,,,12026,phantasim,,,,,,,,,,
117,12024,Eaton,XX-XY,,,Eaton,ETN,,,,,,,,,,,,,Ireland,company.public,USD-marketcap,"$125,720,000,000",$314.40,,12024.03,,,CB.lion,,,,12026,phantasim,,,,,,,,,,
118,12024,United Parcel Service,XX-XY,,,United Parcel Service,UPS,,,,,,,,,,,,,United States,company.public,USD-marketcap,"$125,690,000,000",$147.33,,12024.03,,,CB.lion,,,,12026,phantasim,,,,,,,,,,
119,12024,AT&T,XX-XY,,,AT&T,T,,,,,,,,,,,,,United States,company.public,USD-marketcap,"$125,530,000,000",$17.55,,12024.03,,,CB.lion,,,,12026,phantasim,,,,,,,,,,
120,12024,Booking Holdings (Booking.com),XX-XY,,,Booking Holdings (Booking.com),BKNG,,,,,,,,,,,,,United States,company.public,USD-marketcap,"$125,520,000,000","$3,674.00",,12024.03,,,CB.lion,,,,12026,phantasim,,,,,,,,,,
121,12024,BlackRock,XX-XY,,,BlackRock,BLK,,,,,,,,,,,,,United States,company.public,USD-marketcap,"$124,380,000,000",$835.12,,12024.03,,,CB.lion,,,,12026,phantasim,,,,,,,,,,
122,12024,Sanofi,XX-XY,,,Sanofi,SNY,,,,,,,,,,,,,France,company.public,USD-marketcap,"$123,670,000,000",$49.54,,12024.03,,,CB.lion,,,,12026,phantasim,,,,,,,,,,
123,12024,Mitsubishi UFJ Financial,XX-XY,,,Mitsubishi UFJ Financial,MUFG,,,,,,,,,,,,,Japan,company.public,USD-marketcap,"$121,510,000,000",$10.30,,12024.03,,,CB.lion,,,,12026,phantasim,,,,,,,,,,
124,12024,Elevance Health,XX-XY,,,Elevance Health,ELV,,,,,,,,,,,,,United States,company.public,USD-marketcap,"$120,970,000,000",$519.96,,12024.03,,,CB.lion,,,,12026,phantasim,,,,,,,,,,
125,12024,Tokyo Electron,XX-XY,,,Tokyo Electron,8035.T,,,,,,,,,,,,,Japan,company.public,USD-marketcap,"$120,840,000,000",$261.06,,12024.03,,,CB.lion,,,,12026,phantasim,,,,,,,,,,
126,12024,Deutsche Telekom,XX-XY,,,Deutsche Telekom,DTE.DE,,,,,,,,,,,,,Germany,company.public,USD-marketcap,"$120,820,000,000",$24.27,,,,,CB.lion,,,,12026,phantasim,,,,,,,,,,
127,12024,Progressive,XX-XY,,,Progressive,PGR,,,,,,,,,,,,,United States,company.public,USD-marketcap,"$120,740,000,000",$206.15,,12024.03,,,CB.lion,,,,12026,phantasim,,,,,,,,,,
129,12024,Citigroup,XX-XY,,,Citigroup,C,,,,,,,,,,,,,United States,company.public,USD-marketcap,"$120,180,000,000",$62.75,,12024.03,,,CB.lion,,,,12026,phantasim,,,,,,,,,,
130,12024,Anheuser-Busch Inbev,XX-XY,,,Anheuser-Busch Inbev,BUD,,,,,,,,,,,,,Belgium,company.public,USD-marketcap,"$119,910,000,000",$60.84,,12024.03,,,CB.lion,,,,12026,phantasim,,,,,,,,,,
131,12024,Prologis,XX-XY,,,Prologis,PLD,,,,,,,,,,,,,United States,company.public,USD-marketcap,"$119,180,000,000",$128.86,,12024.03,,,CB.lion,,,,12026,phantasim,,,,,,,,,,
132,12024,CNOOC,XX-XY,,,CNOOC,0883.HK,,,,,,,,,,,,,China,company.public,USD-marketcap,"$118,400,000,000",$2.25,,,,,CB.lion,,,,12026,phantasim,,,,,,,,,,
133,12024,Allianz,XX-XY,,,Allianz,ALV.DE,,,,,,,,,,,,,Germany,company.public,USD-marketcap,"$117,830,000,000",$300.53,,12024.03,,,CB.lion,,,,12026,phantasim,,,,,,,,,,
134,12024,Boeing,XX-XY,,,Boeing,BA,,,,,,,,,,,,,United States,company.public,USD-marketcap,"$117,110,000,000",$191.95,,12024.03,,,CB.lion,,,,12026,phantasim,,,,,,,,,,
135,12024,CATL,XX-XY,,,CATL,300750.SZ,,,,,,,,,,,,,China,company.public,USD-marketcap,"$116,750,000,000",$26.02,,,,,CB.lion,,,,12026,phantasim,,,,,,,,,,
136,12024,Medtronic,XX-XY,,,Medtronic,MDT,,,,,,,,,,,,,Ireland,company.public,USD-marketcap,"$115,410,000,000",$86.92,,12024.03,,,CB.lion,,,,12026,phantasim,,,,,,,,,,
137,12024,TJX Companies,XX-XY,,,TJX Companies,TJX,,,,,,,,,,,,,United States,company.public,USD-marketcap,"$115,190,000,000",$101.08,,12024.03,,,CB.lion,,,,12026,phantasim,,,,,,,,,,
139,12024,Deere & Company,XX-XY,,,Deere & Company,DE,,,,,,,,,,,,,United States,company.public,USD-marketcap,"$113,880,000,000",$409.14,,12024.03,,,CB.lion,,,,12026,phantasim,,,,,,,,,,
140,12024,Keyence,XX-XY,,,Keyence,6861.T,,,,,,,,,,,,,Japan,company.public,USD-marketcap,"$112,970,000,000",$465.82,,12024.03,,,CB.lion,,,,12026,phantasim,,,,,,,,,,
141,12024,Lockheed Martin,XX-XY,,,Lockheed Martin,LMT,,,,,,,,,,,,,United States,company.public,USD-marketcap,"$109,850,000,000",$456.78,,12024.03,,,CB.lion,,,,12026,phantasim,,,,,,,,,,
142,12024,CM Bank,XX-XY,,,CM Bank,3968.HK,,,,,,,,,,,,,China,company.public,USD-marketcap,"$109,800,000,000",$3.96,,,,,CB.lion,,,,12026,phantasim,,,,,,,,,,
143,12024,Air Liquide,XX-XY,,,Air Liquide,AI.PA,,,,,,,,,,,,,France,company.public,USD-marketcap,"$109,380,000,000",$209.40,,12024.03,,,CB.lion,,,,12026,phantasim,,,,,,,,,,
144,12024,Vertex Pharmaceuticals,XX-XY,,,Vertex Pharmaceuticals,VRTX,,,,,,,,,,,,,United States,company.public,USD-marketcap,"$107,790,000,000",$417.32,,12024.03,,,CB.lion,,,,12026,phantasim,,,,,,,,,,
145,12024,Bristol-Myers Squibb,XX-XY,,,Bristol-Myers Squibb,BMY,,,,,,,,,,,,,United States,company.public,USD-marketcap,"$107,680,000,000",$53.25,,12024.03,,,CB.lion,,,,12026,phantasim,,,,,,,,,,
146,12024,BP,XX-XY,,,BP,BP,,,,,,,,,,,,,United Kingdom,company.public,USD-marketcap,"$107,370,000,000",$37.46,,12024.03,,,CB.lion,,,,12026,phantasim,,,,,,,,,,
147,12024,Toronto Dominion Bank,XX-XY,,,Toronto Dominion Bank,TD,,,,,,,,,,,,,Canada,company.public,USD-marketcap,"$107,230,000,000",$60.64,,12024.03,,,CB.lion,,,,12026,phantasim,,,,,,,,,,
149,12024,Sony,XX-XY,,,Sony,SONY,,,,,,,,,,,,,Japan,company.public,USD-marketcap,"$106,150,000,000",$86.54,,12024.03,,,CB.lion,,,,12026,phantasim,,,,,,,,,,
150,12024,Airbnb,XX-XY,,,Airbnb,ABNB,,,,,,,,,,,,,United States,company.public,USD-marketcap,"$106,140,000,000",$166.41,,12024.03,,,CB.lion,,,,12026,phantasim,,,,,,,,,,
151,12024,Regeneron Pharmaceuticals,XX-XY,,,Regeneron Pharmaceuticals,REGN,,,,,,,,,,,,,United States,company.public,USD-marketcap,"$106,060,000,000",$966.30,,12024.03,,,CB.lion,,,,12026,phantasim,,,,,,,,,,
153,12024,Chubb,XX-XY,,,Chubb,CB,,,,,,,,,,,,,Switzerland,company.public,USD-marketcap,"$104,880,000,000",$258.50,,12024.03,,,CB.lion,,,,12026,phantasim,,,,,,,,,,
154,12024,Rio Tinto,XX-XY,,,Rio Tinto,RIO,,,,,,,,,,,,,United Kingdom,company.public,USD-marketcap,"$104,660,000,000",$63.46,,12024.03,,,CB.lion,,,,12026,phantasim,,,,,,,,,,
156,12024,Starbucks,XX-XY,,,Starbucks,SBUX,,,,,,,,,,,,,United States,company.public,USD-marketcap,"$103,590,000,000",$91.50,,12024.03,,,CB.lion,,,,12026,phantasim,,,,,,,,,,
157,12024,EssilorLuxottica,XX-XY,,,EssilorLuxottica,EL.PA,,,,,,,,,,,,,France,company.public,USD-marketcap,"$103,250,000,000",$228.39,,12024.03,,,CB.lion,,,,12026,phantasim,,,,,,,,,,
158,12024,NTT (Nippon Telegraph & Telephone),XX-XY,,,NTT (Nippon Telegraph & Telephone),NPPXF,,,,,,,,,,,,,Japan,company.public,USD-marketcap,"$103,230,000,000",$1.20,,12024.03,,,CB.lion,,,,12026,phantasim,,,,,,,,,,
159,12024,Cigna,XX-XY,,,Cigna,CI,,,,,,,,,,,,,United States,company.public,USD-marketcap,"$103,060,000,000",$363.34,,12024.03,,,CB.lion,,,,12026,phantasim,,,,,,,,,,
160,12024,Automatic Data Processing,XX-XY,,,Automatic Data Processing,ADP,,,,,,,,,,,,,United States,company.public,USD-marketcap,"$102,010,000,000",$248.33,,12024.03,,,CB.lion,,,,12026,phantasim,,,,,,,,,,
161,12024,China Shenhua Energy,XX-XY,,,China Shenhua Energy,601088.SS,,,,,,,,,,,,,China,company.public,USD-marketcap,"$101,920,000,000",$5.37,,,,,CB.lion,,,,12026,phantasim,,,,,,,,,,
162,12024,TAQA,XX-XY,,,TAQA,TAQA.AE,,,,,,,,,,,,,United Arab Emirates,company.public,USD-marketcap,"$101,640,000,000",$0.90,,,,,CB.lion,,,,12026,phantasim,,,,,,,,,,
163,12024,UBS,XX-XY,,,UBS,UBS,,,,,,,,,,,,,Switzerland,company.public,USD-marketcap,"$101,570,000,000",$31.40,,12024.03,,,CB.lion,,,,12026,phantasim,,,,,,,,,,
164,12024,Shopify,XX-XY,,,Shopify,SHOP,,,,,,,,,,,,,Canada,company.public,USD-marketcap,"$101,190,000,000",$78.62,,12024.03,,,CB.lion,,,,12026,phantasim,,,,,,,,,,
165,12024,Marsh & McLennan Companies,XX-XY,,,Marsh & McLennan Companies,MMC,,,,,,,,,,,,,United States,company.public,USD-marketcap,"$101,080,000,000",$205.61,,12024.03,,,CB.lion,,,,12026,phantasim,,,,,,,,,,
166,12024,Boston Scientific,XX-XY,,,Boston Scientific,BSX,,,,,,,,,,,,,United States,company.public,USD-marketcap,"$100,860,000,000",$68.62,,12024.03,,,CB.lion,,,,12026,phantasim,,,,,,,,,,